Formula,Mono Inty
C13H24,2621598.751
C28H54,2639937.059
C30H58,5118496.659
C31H60,3541292.223
C32H62,4303213.247
C34H66,4219970.961
C36H70,2945706.837
C38H74,2955597.004
C39H76,3524895.76
C41H80,3009493.303
C45H88,3453183.043
,
Formula,Mono Inty
C12H20,3171437.487
C13H22,4934739.058
C14H24,5843050.504
C15H26,3395584.679
C17H30,2574695.602
C19H34,5790651.124
C20H36,4876551.106
C21H38,5400638.668
C22H40,4081713.776
C23H42,4142313.601
C24H44,3715673.696
C25H46,3278748.557
C26H48,5373380.39
C27H50,5284923.477
C28H52,7638372.949
C29H54,11632757.61
C30H56,10244558.86
C32H60,9280006.468
C34H64,8225350.358
C35H66,7401675.45
C36H68,5911282.966
C37H70,5516295.437
C38H72,5312892.413
C39H74,5297497.122
C40H76,6502978.031
C41H78,3561102.414
C42H80,5572279.475
C43H82,5646992.983
C44H84,3369907.257
C45H86,4517046.271
C49H94,3489346.132
C52H100,3764417.452
,
Formula,Mono Inty
C12H18,4665344.011
C13H20,2624076.668
C14H22,15704410.18
C15H24,4838991.064
C16H26,4763308.039
C17H28,3749435.912
C18H30,5418833.852
C19H32,5032983.246
C20H34,4562451.891
C21H36,4773677.43
C22H38,6610880.385
C23H40,7062058.001
C24H42,8857304.318
C25H44,10139860.63
C26H46,14471003.54
C27H48,21814870.42
C28H50,31077368.64
C29H52,23579613.04
C30H54,59816580.95
C31H56,39475189.89
C32H58,33000964.19
C33H60,33720862.96
C34H62,35340273.12
C35H64,33286575.41
C36H66,25162190.45
C37H68,20095590.03
C38H70,21645044.59
C39H72,20154563.31
C40H74,21138597.49
C41H76,18781662.39
C42H78,14658237.48
C43H80,13442400.18
C44H82,14006792.26
C45H84,11480894.74
C46H86,12792398.45
C47H88,11605260.21
C48H90,7349682.908
C49H92,6862748.276
C50H94,9354383.552
C51H96,9342728.733
C52H98,5514498.244
C53H100,6231799.085
C54H102,5549292.498
C55H104,4633594.893
C57H108,5476208.851
C59H112,5415552.877
C60H114,3984001.378
,
Formula,Mono Inty
C13H18,6607916.24
C14H20,6180232.167
C15H22,3286469.396
C16H24,3143513.93
C17H26,2355096.367
C18H28,3684998.136
C19H30,5160987.964
C20H32,4379892.87
C21H34,5149025.784
C22H36,9035305.918
C23H38,8069004.088
C24H40,10931359.74
C25H42,9717133.73
C26H44,21354120.61
C27H46,28310180.72
C28H48,23945027.61
C29H50,56728985.98
C30H52,79667077.51
C31H54,50641360.93
C32H56,40479526.22
C33H58,70904953.57
C34H60,65982191
C35H62,53544688.76
C36H64,55194735.84
C37H66,41745015.45
C38H68,49805765.98
C39H70,37379309.66
C40H72,41735910.73
C41H74,36788581.3
C42H76,23769115.8
C43H78,24339143.32
C44H80,24238527.52
C45H82,24609323.83
C46H84,20144904.59
C47H86,21985934.7
C48H88,13310302.95
C49H90,13157177.26
C50H92,13906158.46
C51H94,14775403.35
C54H100,8646527.646
C58H108,7549195.711
C62H116,6365777.277
,
Formula,Mono Inty
C13H16,5320232.466
C14H18,4111304.214
C15H20,2418200.788
C17H24,2730793.47
C18H26,2361669.145
C19H28,3826842.02
C20H30,3559804.841
C21H32,4667284.453
C22H34,5579199.739
C23H36,7308432.842
C24H38,12414705.57
C25H40,15005125.83
C26H42,24382668.2
C27H44,30851088.72
C28H46,37501714.45
C29H48,59414308.37
C30H50,47092279.93
C31H52,39387978.69
C32H54,83500906.06
C33H56,68437053.08
C34H58,66442858.29
C35H60,62338299.37
C36H62,58426756.96
C37H64,50580156.19
C38H66,51259034
C39H68,56337973.06
C40H70,51563605.4
C41H72,42888287.36
C42H74,40074153.39
C43H76,29403330.61
C44H78,28464850.76
C45H80,30328624.57
C46H82,21920867.11
C47H84,24884312.11
C48H86,17745450.43
C49H88,19333070.29
C50H90,20627194.86
C51H92,18589157.17
C52H94,13912868.59
C53H96,14218067.46
C55H100,13287493.95
C56H102,9386189.738
C57H104,10577826.31
C59H108,8735050.909
C60H110,9086861.625
C61H112,6478085.015
C63H116,7098710.551
C68H126,4341823.176
,
Formula,Mono Inty
C13H14,2653194.653
C14H16,18575010.81
C15H18,2893593.311
C18H24,2385052.048
C19H26,3530353.754
C20H28,2713874.752
C21H30,4780117.176
C22H32,6300073.344
C23H34,9126592.377
C24H36,13038443.33
C25H38,20818465.69
C26H40,22585907.65
C27H42,21441048.94
C28H44,41935202.11
C29H46,60182747.84
C30H48,49917174.23
C31H50,51084590.76
C32H52,50264569.66
C33H54,68464638.56
C34H56,70874476.53
C35H58,45904937.49
C36H60,50608800.54
C37H62,55259596.98
C38H64,45710734.9
C39H66,52171357.62
C40H68,49179058.27
C41H70,37197901.73
C42H72,41155297.15
C43H74,30640444.81
C44H76,29787672.33
C45H78,26373102.22
C46H80,20590644.57
C47H82,26251943.78
C49H86,21961644.65
C50H88,18280042.86
C51H90,15968109.78
C52H92,14794965.7
C53H94,14598272.34
C54H96,15655603.74
C58H104,12548633.4
C62H112,7544704.831
C64H116,5071837.552
,
Formula,Mono Inty
C13H12,3251868.468
C14H14,14610237.79
C15H16,3328733.782
C18H22,2916385.672
C19H24,3509839.867
C20H26,3591199.869
C21H28,8923777.69
C22H30,9272271.214
C23H32,12312170.38
C24H34,18518789.89
C25H36,22328072.05
C26H38,31554862.74
C27H40,46139315.08
C28H42,42558169.15
C29H44,70266462.7
C30H46,83071824.47
C31H48,91551168.45
C32H50,70812825.2
C33H52,91931246.25
C34H54,64035233.72
C35H56,60095134.99
C36H58,66144808.36
C37H60,63152273.93
C38H62,47985036.69
C39H64,55478338.82
C40H66,83668927.16
C41H68,37435244.13
C42H70,37818579.58
C43H72,30129266.51
C44H74,32363531.12
C45H76,27646122.76
C46H78,28904001.74
C47H80,24349457.04
C48H82,15301926.42
C49H84,18598382.44
C50H86,18340952.03
C52H90,15411097.95
C55H96,12181985.62
C56H98,15631001.61
C57H100,10997860.96
C59H104,11047025.7
C60H106,8054177.946
C61H108,9073959.992
C65H116,6499405.18
C66H118,5641770.532
,
Formula,Mono Inty
C14H12,3489349.44
C18H20,2660216.809
C19H22,3988547.878
C20H24,7725810.448
C21H26,8855824.887
C22H28,19631948.69
C23H30,19777077.98
C24H32,21432605.33
C25H34,31344900.8
C26H36,43306461.93
C27H38,56760621.91
C28H40,76338804.75
C29H42,116872101.2
C30H44,99990571.43
C31H46,82756004.34
C32H48,106245569.2
C33H50,109711263.8
C34H52,108742350.4
C35H54,95293363.44
C36H56,53460820.11
C37H58,61542530.61
C38H60,51887932.04
C39H62,65709326.66
C40H64,59191647.51
C41H66,42841523.65
C42H68,33692304.77
C43H70,32014739.29
C44H72,30464690.7
C45H74,27428582.27
C46H76,29966886.78
C48H80,17080983.23
C49H82,17008381.13
C51H86,16089764.96
C53H90,12997304.04
C55H94,13453463.69
C58H100,12042187.01
C63H110,7279144.913
,
Formula,Mono Inty
C16H14,2929250.167
C17H16,4293124.473
C18H18,4530046.993
C19H20,6582967.193
C20H22,9723791.087
C21H24,11618287.29
C22H26,21666553.72
C23H28,24092586.22
C24H30,26697222.93
C25H32,32894088.15
C26H34,43156791.19
C27H36,53161778.25
C28H38,76340317.22
C29H40,90203919.78
C30H42,78462294.28
C31H44,109434278.6
C32H46,47144676.04
C33H48,85096142.81
C34H50,57840792.74
C36H54,57479365.25
C37H56,53317654.37
C38H58,48191715.9
C39H60,53909645.84
C40H62,58914852.17
C41H64,42393692.65
C42H66,29353354.81
C43H68,34800652.33
C44H70,31953274.95
C45H72,25747081.82
C46H74,5720336.579
C47H76,19053846.32
C48H78,16212562.16
C49H80,15649139.16
C51H84,16454331.45
C53H88,18500729.42
C54H90,14287044.86
C56H94,11171760.73
C57H96,13326101.38
C59H100,8896067.437
C62H106,9501056.845
C64H110,7378069.507
C68H118,5483690.441
C69H120,4349322.283
,
Formula,Mono Inty
C18H16,2468853.704
C19H18,6498287.977
C20H20,7659466.616
C21H22,16830895.98
C22H24,23659074.6
C23H26,23846388.03
C24H28,21475908.95
C25H30,31947477.56
C26H32,36713011.3
C27H34,50738600.4
C28H36,63198962.1
C29H38,36647309.47
C30H40,71593354.96
C31H42,66061386.49
C32H44,52354762.91
C33H46,43423299.77
C35H50,40549696.01
C36H52,57402817.14
C37H54,57164953.68
C38H56,39936640.21
C39H58,51352905.38
C40H60,43904331.3
C41H62,33007924.91
C42H64,31853087.75
C43H66,28229166.31
C44H68,26707817.85
C45H70,26976721.31
C46H72,17530016
C47H74,24914237.28
C48H76,22935918.08
C49H78,12793093.68
C50H80,13212041.32
C51H82,18644746.47
C52H84,19958015.02
C53H86,12479052.48
C54H88,13698594.07
C55H90,14782405.64
C56H92,10353038.8
C58H96,12822260.85
C60H100,8773859.282
C61H102,5526140.758
C65H110,5969675.725
C68H116,4296279.344
,
Formula,Mono Inty
C18H14,2618944.006
C19H16,7454665.441
C20H18,10526052.16
C21H20,19445821.65
C22H22,14616853.19
C23H24,16705635.45
C24H26,30340653.83
C25H28,27869135.62
C26H30,39982177.46
C27H32,42388425.5
C28H34,55934238.17
C29H36,64285168.98
C30H38,31767222.07
C31H40,45174045.65
C32H42,63741224.8
C33H44,46584693.67
C34H46,51887309.36
C36H50,54461188.71
C37H52,38227171.93
C38H54,39964676.96
C39H56,50544396.24
C40H58,42252020.88
C41H60,25792520.11
C42H62,32089460.11
C43H64,21599127.97
C44H66,23736378.91
C45H68,21270624.82
C46H70,20090448.08
C47H72,23586975.5
C48H74,25099708.78
C49H76,13247377.85
C50H78,13277696.88
C51H80,15907099.48
C52H82,9773017.179
C55H88,12270118.57
C59H96,9707860.886
C62H102,7675964.389
C63H104,5496935.798
C72H122,4652880.525
,
Formula,Mono Inty
C20H16,9393947.357
C21H18,11722706.3
C22H20,22437376.86
C23H22,23683861.36
C24H24,24981675.68
C25H26,24500901.71
C26H28,31775901.42
C27H30,29577203.69
C28H32,37276474.47
C29H34,39190050.05
C30H36,32687979.95
C31H38,37283715.83
C32H40,34795095.41
C33H42,62098220.74
C34H44,41561363.89
C35H46,48477008.87
C36H48,46644323.81
C37H50,36234785.15
C38H52,35092812.98
C39H54,39003443.28
C40H56,35518455.26
C41H58,24476077.2
C42H60,27120997.38
C43H62,21284230.98
C44H64,18284868.18
C45H66,20681012.85
C46H68,20438874.13
C47H70,7291823.721
C48H72,19143412.01
C49H74,11509895.35
C50H76,14596301.41
C51H78,14751643.58
C52H80,10787876.69
C53H82,14085383.77
C54H84,10912138.67
C56H88,11508871.78
C57H90,7996955.719
C58H92,11989789.81
C60H96,6755950.493
C61H98,8996440.475
C62H100,4931338.866
C64H104,5722584.219
,
Formula,Mono Inty
C21H16,2841026.569
C22H18,6831600.983
C23H20,11851026.03
C24H22,18500984.96
C25H24,20341034.8
C26H26,21336445.76
C27H28,24171599.17
C28H30,31040047.12
C29H32,33582107.82
C30H34,36380298
C31H36,42405935.29
C32H38,33598676.5
C33H40,28984851.47
C34H42,35754247.85
C35H44,29890492.1
C36H46,31294144.19
C37H48,22178627.18
C38H50,29409970.81
C39H52,29100347.23
C40H54,24895026.46
C41H56,23553796.42
C42H58,21135820.07
C43H60,22969735.33
C44H62,15004042.01
C45H64,15534204.08
C46H66,13999733.63
C47H68,5523151.915
C48H70,15312350.78
C49H72,8294784.675
C50H74,11815163.41
C51H76,12196747.78
C52H78,11312790.83
C53H80,10677103.72
C54H82,9026796.141
C55H84,9195507.831
C59H92,8352931.948
C65H104,4363002.031
C66H106,4830676.299
,
Formula,Mono Inty
C22H16,5496348.983
C23H18,6137644.666
C24H20,9256275.548
C25H22,15393909.06
C26H24,14858912.2
C27H26,17606125.89
C28H28,18246430.12
C29H30,19273333.65
C30H32,24256930.63
C31H34,18912446.96
C32H36,17135509.88
C33H38,21461857.61
C34H40,28346035.04
C35H42,18060528.13
C36H44,17831584.03
C37H46,20506350.48
C38H48,19723121.71
C39H50,20822836.3
C40H52,19054743.32
C41H54,17972934.38
C42H56,14922740.79
C43H58,13132597.43
C44H60,13885237.02
C45H62,13251663.22
C48H68,7800526.503
C49H70,4946109.909
C50H72,10544679.39
C51H74,10891770.29
C52H76,8524859.154
C53H78,9235096.246
C56H84,5998768.91
C58H88,8138721.435
C60H92,7369051.367
C61H94,4217134.69
C62H96,5931971.031
C67H106,4362102.98
,
Formula,Mono Inty
C24H18,5603632.132
C25H20,7982147.281
C26H22,8490192.981
C27H24,9887708.426
C28H26,14805434.89
C29H28,13608480.92
C30H30,15716652.5
C31H32,17498266.35
C32H34,12837124.62
C33H36,15063590.62
C34H38,17350182.91
C35H40,24000732.44
C36H42,20796599.33
C37H44,16588643.78
C38H46,15446191.5
C39H48,15597932.92
C40H50,19869872.11
C41H52,11167650.1
C42H54,13289148.56
C43H56,11132173.7
C44H58,9284712.806
C45H60,8747518.876
C46H62,7999824.952
C49H68,6000539.398
C50H70,8148396.402
C51H72,8388441.844
C52H74,7167615.59
C53H76,11766048.11
C54H78,7412310.492
C56H82,4709624.518
C59H88,4811686.172
,
Formula,Mono Inty
C26H20,3250847.517
C27H22,6940810.017
C28H24,7064123.529
C29H26,6261979.077
C30H28,6874105.116
C31H30,10258660.98
C32H32,10916089.75
C33H34,19649085.35
C35H38,16841754.04
C36H40,13496022.12
C37H42,12155139.68
C38H44,13997267.94
C39H46,12899163.91
C40H48,11466851.9
C41H50,8517889.765
C42H52,6739266.574
C43H54,8085882.782
C44H56,8470457.784
C45H58,6287966.616
C46H60,5407783.733
C47H62,7518422.791
C48H64,7705967.74
C49H66,9649656.793
C50H68,5391173.781
C51H70,7792862.569
C52H72,6208007.995
C53H74,6690834.462
C54H76,4199790.361
C55H78,4494744.049
C57H82,4444504.847
C58H84,4567183.631
C60H88,5586308.427
C61H90,4388731.244
C63H94,4505969.906
,
Formula,Mono Inty
C25H16,2445369.873
C26H18,2597198.082
C27H20,3757459.42
C28H22,4012774.951
C29H24,5580447.253
C30H26,9155867.234
C31H28,10270507.03
C32H30,7464528.727
C33H32,8971642.443
C34H34,8163079.46
C35H36,5970939.887
C36H38,10327882.74
C37H40,7387577.552
C38H42,8717702.509
C39H44,10235952.7
C40H46,6820253.722
C41H48,7396114.55
C42H50,5846747.466
C43H52,5492612.811
C44H54,7053239.969
C45H56,5417414.922
C46H58,5206269.406
C47H60,4438708.606
C49H64,9412655.381
C50H66,6875412.464
C51H68,5092547.884
C52H70,8274863.167
C53H72,6417978.768
C54H74,4184838.365
C55H76,5216864.098
C56H78,5720904.678
C66H98,3864520.374
,
Formula,Mono Inty
C30H24,4887509.156
C31H26,7374763.976
C32H28,3695532.612
C33H30,10285517.46
C34H32,9582267.662
C36H36,5763086.247
C37H38,9599687.396
C38H40,7568400.853
C39H42,5917166.624
C40H44,6670525.129
C41H46,5494808.408
C42H48,5087554.727
C43H50,5747185.72
C44H52,3785335.593
C45H54,4268037.472
C46H56,4885434.043
C49H62,7385242.314
C50H64,4859701.63
C51H66,6066508.874
C52H68,4854967.586
C54H72,5700135.679
,
Formula,Mono Inty
C30H22,2812110.524
C32H26,3059800.11
C33H28,7812271.168
C34H30,5520040.894
C35H32,4143295.959
C36H34,5837087.31
C37H36,4191032.736
C38H38,4362943.748
C39H40,5150288.113
C40H42,5583011.682
C41H44,4804045.955
C42H46,3584752.952
C43H48,4657602.325
C44H50,4081178.637
C45H52,3983369.754
C46H54,3993670.589
C47H56,3722262.704
C49H60,6780687.11
C50H62,3472760.683
C51H64,4159238.948
C52H66,4553475.154
C53H68,4341739.471
C65H92,4073754.6
,
Formula,Mono Inty
C34H28,3084866.23
C36H32,3642033.619
C37H34,3120815.176
C38H36,4020191.486
C39H38,3682800.528
C40H40,2973578.226
C41H42,4729125.406
C42H44,3759340.069
C43H46,3509455.753
C44H48,4433010.907
C45H50,3472686.968
C49H58,3865633.71
C52H64,3519618.201
C53H66,4692115.756
,
Formula,Mono Inty
C36H30,3172999.839
C37H32,2961327.024
C39H36,2909235.677
C51H60,3514872.189
C53H64,4774072.007
,
Formula,Mono Inty
C53H62,3769625.817
,
,
Formula,Mono Inty
C13H24,3431278.024
,
Formula,Mono Inty
C12H20,3761550.091
C13H22,8151117.093
C14H24,7682737.744
C15H26,3943424.086
C16H28,3237927.106
C17H30,2821155.499
C18H32,2510616.697
C19H34,3444707.169
C20H36,2498119.677
C21H38,3295342.883
C22H40,3617433.514
C23H42,3560930.341
C24H44,2933135.4
C25H46,4544761.868
C26H48,4236292.995
C27H50,4643471.479
C28H52,6037204.249
C29H54,6677324.181
C30H56,2892623.075
C31H58,5635615.811
C32H60,6207046.375
C33H62,4358031.298
C35H66,3069456.861
C36H68,3181764.037
C39H74,2972660.122
,
Formula,Mono Inty
C12H18,9654275.341
C13H20,7028933.156
C14H22,19788364.57
C15H24,9726704.4
C16H26,5437396.91
C17H28,4498965.393
C18H30,7278535.992
C19H32,7739209.784
C20H34,5421744.738
C21H36,4906287.688
C22H38,7760038.807
C23H40,8252041.347
C24H42,5996963.947
C25H44,9366947.14
C26H46,10707864.13
C27H48,8897412.088
C28H50,11903277.58
C29H52,10232714.56
C31H56,9157030.755
C32H58,10500820.71
C33H60,8145712.787
C35H64,6945355.39
C36H66,5524257.35
C37H68,5943758.652
C38H70,5557669.162
C39H72,4598711.291
C40H74,4324078.828
C41H76,3763903.048
C42H78,4572034.665
C44H82,3265128.204
C46H86,4111205.51
,
Formula,Mono Inty
C13H18,4316238.382
C14H20,7961520.627
C15H22,10809581.93
C16H24,15596600.66
C17H26,10048681.17
C18H28,8224675.106
C19H30,14575909.06
C20H32,8018000.492
C21H34,15500562.39
C22H36,11054635.18
C23H38,9977979.738
C24H40,11255456.19
C25H42,12473202.42
C26H44,20929856.22
C27H46,25584017.28
C28H48,31375569.32
C29H50,25600178.58
C30H52,21347317.25
C31H54,14155710.75
C32H56,13673429.48
C33H58,14821459
C35H62,13120338.57
C36H64,10846326.04
C37H66,8751170.394
C38H68,8714739.287
C39H70,8241469.123
C40H72,5319839.872
C41H74,7691302.674
C42H76,5501971.447
C43H78,5609484.538
C44H80,5779651.21
C45H82,4119286.744
C47H86,4147175.034
C49H90,4363706.405
,
Formula,Mono Inty
C12H14,3121956.392
C13H16,4063476.907
C14H18,8221771.295
C15H20,5575228.8
C16H22,3112430.19
C17H24,3865607.487
C18H26,5737515.632
C19H28,7527394.375
C20H30,7255979.9
C21H32,8218818.919
C22H34,9959903.656
C23H36,10080698.04
C24H38,14549879.62
C25H40,12824734.5
C26H42,19855431.4
C27H44,32580064.98
C28H46,24854726.93
C29H48,24909764.95
C30H50,22283189.88
C31H52,29315089.64
C32H54,14486468.37
C33H56,21539801.45
C34H58,20112016.37
C35H60,14339718.06
C36H62,13115527.81
C37H64,8505420.654
C38H66,10198898.19
C39H68,7557815.71
C40H70,6230816.174
C41H72,8764207.699
C42H74,6818477.477
C43H76,6224172.989
C44H78,3506966.998
C45H80,4541629.769
C46H82,5887127.228
C47H84,4183025.46
C48H86,5144919.911
C49H88,4240030.246
,
Formula,Mono Inty
C13H14,2443638.308
C14H16,6257015.695
C15H18,4856985.412
C16H20,4099576.175
C17H22,3036326.969
C18H24,2419889.529
C19H26,3920105.302
C20H28,6324024.456
C21H30,4986997.157
C22H32,5638226.435
C23H34,7514963.578
C24H36,7409702.905
C25H38,9198438.022
C26H40,14324728.24
C27H42,22467712.45
C28H44,12004883.14
C29H46,22138233.79
C30H48,17942087.86
C31H50,19574038.14
C32H52,19476071.83
C33H54,14643008.09
C34H56,10551674.4
C35H58,12224310.14
C36H60,10391688.78
C37H62,10227795.41
C38H64,8981799.612
C39H66,8652604.861
C40H68,6983306.21
C41H70,5182597.22
C42H72,5739089.224
C43H74,4752248.942
C44H76,5300782.077
C45H78,5620397.344
C46H80,4020390.528
C48H84,4590141.431
C49H86,4970862.879
C51H90,3403666.223
C52H92,3363523.168
,
Formula,Mono Inty
C13H12,5673651.334
C14H14,15992169
C15H16,3523802.698
C19H24,13392837.58
C20H26,8931885.521
C21H28,4578376.311
C22H30,4936771.154
C23H32,4329556.899
C24H34,6651201.681
C25H36,7616289.489
C26H38,17012486.14
C27H40,42861054.89
C28H42,19535737.01
C29H44,19049436.46
C30H46,8882173.262
C31H48,10368761.45
C32H50,9820053.685
C33H52,12215197.18
C34H54,7151852.519
C35H56,10969439.79
C36H58,7062372.773
C37H60,6651012.587
C38H62,4571289.149
C39H64,4670441.298
C40H66,3714723.624
C42H70,3625433.241
C43H72,4218704.498
C48H82,3375537.673
C49H84,3860637.175
C50H86,3412554.531
,
Formula,Mono Inty
C13H10,6914303.506
C14H12,10550759.9
C15H14,2851951.772
C17H18,2342342.338
C19H22,3417568.146
C20H24,2696149.778
C21H26,2476133.993
C22H28,3780398.855
C23H30,4074608.331
C24H32,5262550.613
C25H34,7034926.469
C26H36,11283869.01
C27H38,11990176.48
C28H40,9750623.509
C29H42,12107343.1
C30H44,12255759.01
C31H46,7578093.647
C32H48,9482084.651
C33H50,15228842.04
C34H52,10529134.55
C35H54,7455476.286
C36H56,5390443.505
C37H58,5644494.319
C38H60,3552434.052
C39H62,3509706.328
C40H64,3144350.017
C47H78,3181550.63
C51H86,3584744.928
C52H88,3775227.395
,
Formula,Mono Inty
C20H22,3129644.246
C24H30,3827964.102
C25H32,3913000.844
C26H34,4307579.386
C27H36,4715880.741
C28H38,4365596.687
C29H40,7117751.386
C30H42,4911542.034
C31H44,4834918.346
C32H46,5084654.943
C33H48,7794956.303
C34H50,6031167.693
C35H52,3951747.595
C36H54,5317630.213
C37H56,4998411.755
C39H60,3115784.175
C50H82,3995224.245
C51H84,3841954.08
C52H86,4720999.627
C55H92,4732971.067
,
Formula,Mono Inty
C21H22,2475220.389
C25H30,2890470.409
C26H32,2620488.599
C27H34,4066165.708
C28H36,4513972.982
C29H38,3664067.371
C30H40,4706294.663
C32H44,6067389.824
C33H46,3899883.129
C35H50,2865255.771
C37H54,3149706.624
C61H102,4064969.421
,
Formula,Mono Inty
C18H14,6429158.03
C19H16,7019344.311
C20H18,3943363.086
C21H20,3907444.083
C22H22,2955931.37
C23H24,2822543.832
C24H26,3510856.492
C25H28,2579560.877
C26H30,2727600.86
C27H32,4218159.548
C28H34,2875680.026
C29H36,2829547.763
C31H40,3488028.718
C32H42,3022889.971
,
Formula,Mono Inty
C24H24,2873097.06
C25H26,2459597.659
C29H34,2694004.342
C30H36,2855015.34
C31H38,3562342.25
C33H42,3444270.845
,
Formula,Mono Inty
C30H34,2796246.082
C35H44,3097586.347
,
Formula,Mono Inty
C66H104,4024342.669
,
Formula,Mono Inty
C46H60,5060881.811
,
Formula,Mono Inty
C62H90,6700975.936
,
Formula,Mono Inty
C48H58,3137606.256
C63H88,4301246.023
,
Formula,Mono Inty
C47H54,3814692.19
,
Formula,Mono Inty
C48H54,3861677.673
,
,
Formula,Mono Inty
C26H39N,2943267.11
C28H43N,3114590.439
C31H49N,2695290.528
C32H51N,3242871.788
C45H77N,3347698.241
,
Formula,Mono Inty
C19H23N,2784676.639
C20H25N,2885297.401
C21H27N,4724695.165
C22H29N,5142759.149
C23H31N,5817110.441
C24H33N,5807307.316
C25H35N,7475556.492
C26H37N,7778224.929
C27H39N,6919784.325
C28H41N,11422099.65
C29H43N,12482578.59
C30H45N,6046667.915
C31H47N,8210509.041
C32H49N,11488276.81
C33H51N,9092138.495
C34H53N,7830988.293
C35H55N,3723469.207
C36H57N,7331195.179
C37H59N,4470086.415
C38H61N,5000766.643
C39H63N,5080315.845
C40H65N,3562383.992
C41H67N,4437750.428
C42H69N,3058549.324
C51H87N,3993711.578
,
Formula,Mono Inty
C19H21N,3155625.004
C20H23N,3999495.433
C21H25N,5033538.22
C22H27N,6061952.509
C23H29N,8842981.186
C24H31N,10461582.53
C25H33N,7940063.765
C26H35N,11788115.95
C27H37N,11558460.61
C28H39N,12772177.76
C29H41N,11484387.72
C30H43N,11817781.3
C31H45N,10789453.28
C32H47N,14253479.37
C33H49N,13361506.13
C34H51N,10674067.74
C35H53N,12452601.89
C36H55N,9243337.851
C37H57N,6659800.558
C38H59N,9282045.125
C39H61N,9075959.763
C40H63N,5618233.928
C41H65N,7582115.159
C42H67N,5728437.271
C43H69N,5737551.849
C44H71N,5675653.664
C45H73N,6295454.94
C46H75N,5308235.635
C47H77N,4007392.019
C48H79N,3604021.539
C49H81N,4062866.776
C50H83N,3759664.412
C51H85N,3352416.465
C52H87N,3449338.791
,
Formula,Mono Inty
C21H23N,2623893.018
C22H25N,5406789.642
C23H27N,7375300.606
C24H29N,10436113.49
C25H31N,11332309.89
C26H33N,10891012.83
C27H35N,13783743
C28H37N,11859139.83
C29H39N,19451794.05
C30H41N,10618850.99
C31H43N,21353737.02
C32H45N,11937702.86
C34H49N,11556152.38
C35H51N,12152390.52
C36H53N,10982140.91
C37H55N,10150134.86
C38H57N,8673615.82
C39H59N,7487301.125
C40H61N,7345798.722
C41H63N,8385521.285
C42H65N,9050657.749
C43H67N,7928173.866
C44H69N,4947889.257
C45H71N,6476526.142
C46H73N,5488891.422
C47H75N,5338349.067
C48H77N,3900282.386
C49H79N,6130864.923
C50H81N,4640865.315
C51H83N,5005906.027
C54H89N,4031954.211
,
Formula,Mono Inty
C18H15N,2617946.326
C19H17N,4697837.851
C20H19N,6150457.823
C21H21N,8197902.631
C22H23N,9009238.45
C23H25N,9145032.205
C24H27N,10771657.29
C25H29N,12023733.4
C26H31N,14386532.49
C27H33N,15502825.51
C28H35N,14659900.69
C29H37N,12684991.44
C30H39N,16855262.23
C31H41N,14351621.25
C32H43N,12742382.23
C34H47N,14761616.2
C35H49N,12915371.01
C36H51N,9881381.629
C37H53N,9040873.12
C38H55N,12040707.29
C39H57N,9002187.609
C40H59N,8501924.482
C41H61N,9591407.427
C42H63N,9356960.401
C43H65N,7345876.294
C44H67N,8944163.912
C45H69N,5561812.444
C46H71N,6805402.764
C47H73N,5716327.648
C48H75N,5756790.999
C49H77N,6397327.675
C52H83N,4053505.844
C53H85N,5415227.489
C55H89N,3965236.952
C56H91N,4152651.565
C57H93N,3574628.603
,
Formula,Mono Inty
C21H19N,2558136.534
C22H21N,4736839.435
C23H23N,9120700.579
C24H25N,9548832.022
C25H27N,12006342.2
C26H29N,12962077
C27H31N,12889268.33
C28H33N,17642277.19
C29H35N,16570509.59
C30H37N,20884266.47
C31H39N,14039705.64
C32H41N,23322376.19
C33H43N,15461994.11
C34H45N,14456118.42
C35H47N,11396245.4
C36H49N,10986405.14
C37H51N,10484513.93
C38H53N,9994203.629
C39H55N,10922252.05
C40H57N,10742862.8
C41H59N,9953858.692
C42H61N,6635120.775
C43H63N,9348695.82
C44H65N,7414111.967
C45H67N,7887859.661
C46H69N,7092308.749
C48H73N,7574137.506
C49H75N,5998446.985
C52H81N,4898885.685
C53H83N,4054521.69
C54H85N,4782757.439
C58H93N,4534317.433
C60H97N,3796347.007
C61H99N,4438990.658
,
Formula,Mono Inty
C23H21N,2656065.218
C24H23N,5096640.173
C25H25N,7219635.224
C26H27N,8744496.215
C27H29N,9744164.653
C28H31N,13260419.65
C29H33N,9895364.828
C30H35N,13948174.81
C31H37N,16313991.64
C32H39N,12030433.87
C33H41N,12834337.77
C34H43N,15738207.82
C35H45N,11174366.21
C36H47N,12629008.76
C37H49N,11543430.95
C38H51N,9936038.901
C39H53N,12169416.12
C40H55N,10712484.33
C41H57N,11550472.24
C42H59N,9221783.586
C44H63N,8582895.644
C45H65N,10105228.15
C46H67N,9232421.577
C47H69N,6547620.192
C48H71N,8786457.678
C49H73N,7569758.942
C50H75N,5748314.68
C51H77N,6278827.409
C52H79N,6494095.486
C54H83N,5207511.921
C55H85N,4533633.142
C56H87N,5616956.634
C57H89N,3860466.283
,
Formula,Mono Inty
C23H19N,3804047.82
C24H21N,4704303.945
C25H23N,5854138.685
C26H25N,7103797.26
C27H27N,5853248.378
C28H29N,7868236.297
C29H31N,11802820.85
C30H33N,9342252.047
C31H35N,15263899.65
C32H37N,10561358.83
C33H39N,13677578.9
C34H41N,11659520.8
C35H43N,13768793.52
C36H45N,10621141.79
C37H47N,9294976.415
C38H49N,8994189.211
C39H51N,8976961.658
C40H53N,10350988.8
C41H55N,10259590.39
C42H57N,6698487.746
C43H59N,9097056.904
C44H61N,6615228.316
C45H63N,5565922.129
C46H65N,7679887.766
C47H67N,5103067.32
C48H69N,6817835.645
C49H71N,6745335.728
C50H73N,4860384.021
C51H75N,6883634.561
C53H79N,6005919.633
C55H83N,4907043.585
C57H87N,3827374.603
C58H89N,6030073.043
,
Formula,Mono Inty
C25H21N,2756145.895
C26H23N,4124221.306
C27H25N,6751209.441
C28H27N,8600839.658
C29H29N,5805541.623
C30H31N,9299957.569
C31H33N,13835969.83
C32H35N,12667876.36
C33H37N,8646025.752
C34H39N,9674755.138
C36H43N,8170397.007
C37H45N,8240793.006
C38H47N,8126568.063
C39H49N,7343199.138
C40H51N,6637057.881
C41H53N,7651739.725
C42H55N,6028941.678
C43H57N,7073215.022
C44H59N,7929259.258
C45H61N,5740930.513
C46H63N,4849032.61
C47H65N,6936558.166
C48H67N,6306067.936
C49H69N,6196118.964
C50H71N,5073736.824
C51H73N,6545169.329
C52H75N,6410891.766
C53H77N,5362731.342
C54H79N,5154180.453
C56H83N,4935338.511
C60H91N,4535916.185
,
Formula,Mono Inty
C27H23N,3070609.484
C28H25N,4817798.578
C29H27N,5020429.819
C30H29N,3957699.919
C31H31N,5603365.365
C32H33N,4287068.841
C34H37N,10296405.5
C35H39N,9207400.675
C36H41N,7079648.894
C37H43N,6939532.13
C38H45N,6548668.836
C39H47N,7761318.085
C40H49N,3903569.18
C41H51N,6255441.097
C43H55N,4119775.922
C44H57N,5763566.566
C45H59N,5947849.732
C46H61N,6199752.806
C47H63N,6130615.237
C48H65N,6144904.014
C49H67N,4698076.898
C50H69N,6969437.951
C51H71N,4986693.132
C52H73N,5431678.949
C53H75N,3572378.519
C54H77N,4042544.001
C55H79N,5701878.637
C56H81N,4862701.473
C57H83N,5230833.894
C58H85N,4092560.204
C59H87N,3977503.441
,
Formula,Mono Inty
C30H27N,4262890.413
C31H29N,7176190.142
C32H31N,5270412.809
C33H33N,3325016.239
C34H35N,5249781.271
C36H39N,6651461.148
C37H41N,5048659.548
C38H43N,5161474.556
C39H45N,2980608.379
C40H47N,3646171.947
C41H49N,4863040.729
C42H51N,4920687.292
C43H53N,4548821.259
C44H55N,7172424.038
C46H59N,5005115.206
C47H61N,4532866.888
C48H63N,3642996.685
C49H65N,4962195.898
C50H67N,4823417.018
C51H69N,4537037.382
C52H71N,4759325.518
C55H77N,3630058.931
C60H87N,4091846.654
,
Formula,Mono Inty
C31H27N,2891787.077
C32H29N,3706913.088
C33H31N,4552963.103
C34H33N,3408730.414
C35H35N,6004328.144
C36H37N,4424649.031
C37H39N,4744989.057
C38H41N,4441082.321
C39H43N,4747345.608
C40H45N,3067587.338
C41H47N,3685803.109
C42H49N,4228860.019
C43H51N,3646991.44
C45H55N,4847581.481
C47H59N,3889699.903
C49H63N,3759716.158
C52H69N,3378190.935
C53H71N,4436462.163
C54H73N,4288352.59
C56H77N,4248882.135
,
Formula,Mono Inty
C33H29N,3259200.138
C34H31N,2689060.795
C35H33N,2985075.795
C37H37N,4741107.843
C42H47N,4317999.865
C43H49N,3543983.076
C44H51N,3601617.336
C47H57N,3166552.471
C49H61N,4045967.997
C50H63N,3989365.745
C52H67N,3605486.717
C53H69N,4994906.987
C55H73N,4005292.997
,
Formula,Mono Inty
C47H55N,3657195.732
C49H59N,5235476.804
C50H61N,4059272.69
C53H67N,3527144.828
,
,
Formula,Mono Inty
C24H29NS,3014254.098
C25H31NS,2951173.365
C27H35NS,2937234.887
C28H37NS,4973824.143
C29H39NS,4971262.386
C31H43NS,3455059.336
C33H47NS,3021985.345
C34H49NS,3454649.406
C36H53NS,2912503.044
,
Formula,Mono Inty
C24H27NS,2853897.044
C25H29NS,4720140.766
C26H31NS,2666126.106
C28H35NS,4646184.363
C31H41NS,6175843.807
C32H43NS,5235713.77
C33H45NS,4278097.005
C34H47NS,4148928.769
C39H57NS,2983111.053
,
Formula,Mono Inty
C27H31NS,3947518.831
C28H33NS,6397594.224
C29H35NS,2710927.006
C30H37NS,2669904.279
C31H39NS,4142302.193
C33H43NS,3209668.486
C34H45NS,4985283.583
C35H47NS,4420718.874
C39H55NS,3020549.739
C40H57NS,3092097.187
C41H59NS,3209935.589
C43H63NS,4379079.284
C44H65NS,3714915.142
,
Formula,Mono Inty
C22H19NS,2695007.672
C23H21NS,3766276.943
C24H23NS,3637120.515
C25H25NS,5085956.49
C26H27NS,4614226.579
C27H29NS,6520119.618
C28H31NS,6580768.174
C29H33NS,4672873.494
C30H35NS,5272194.761
C31H37NS,2969761.582
C32H39NS,7451387.732
C33H41NS,4365120.646
C34H43NS,4333733.376
C35H45NS,3604938.812
C36H47NS,3401690.884
C38H51NS,4210930.988
C39H53NS,3923840.557
C40H55NS,3572067.336
C42H59NS,4043879.772
,
Formula,Mono Inty
C25H23NS,3640868.583
C26H25NS,3592034.097
C27H27NS,4210205.928
C28H29NS,4956647.746
C30H33NS,7292643.129
C33H39NS,4556220.463
C34H41NS,5724230.953
C35H43NS,5615741.586
C36H45NS,3860186.483
C37H47NS,4159749.608
C38H49NS,3967018.138
C39H51NS,5138236.521
C40H53NS,4621998.749
C41H55NS,4330199.503
C43H59NS,3507790.745
C44H61NS,4096805.948
C46H65NS,3648755.182
,
Formula,Mono Inty
C27H25NS,2580585.921
C29H29NS,2638965.572
C31H33NS,3707083.223
C32H35NS,5030748.23
C33H37NS,4024316.071
C34H39NS,3822269.698
C35H41NS,4080738.768
C36H43NS,4619316.035
C37H45NS,4029866.409
C38H47NS,3482927.142
C39H49NS,4333443.191
C40H51NS,5145597.468
C41H53NS,3115592.943
C43H57NS,4431898.398
C45H61NS,4293637.296
C46H63NS,3805296.757
C49H69NS,3849346.624
,
Formula,Mono Inty
C28H25NS,2722373.926
C29H27NS,3416949.768
C30H29NS,3216214.923
C32H33NS,3697218.032
C33H35NS,3672385.236
C34H37NS,3631003.914
C35H39NS,4808924.961
C36H41NS,4862317.057
C37H43NS,2958210.057
C38H45NS,3389234.004
C39H47NS,3681961.827
C40H49NS,4455043.395
C44H57NS,3810038.644
C46H61NS,3305949.529
C48H65NS,3939727.358
,
Formula,Mono Inty
C29H25NS,3335183.951
C30H27NS,3018958.716
C32H31NS,2801801.903
C34H35NS,3295521.502
C35H37NS,3050959.663
C36H39NS,3468180.399
C37H41NS,3113146.415
C38H43NS,3928179.302
C39H45NS,2955188.873
C40H47NS,4231242.372
C41H49NS,3084894.819
C42H51NS,4631354.997
C43H53NS,4211335.174
C44H55NS,3990728.954
C45H57NS,3985068.742
C51H69NS,3748561.025
C52H71NS,3634353.603
,
Formula,Mono Inty
C32H29NS,2721531.502
C33H31NS,2974141.942
C34H33NS,2951210.92
C37H39NS,3465775.786
C44H53NS,3307506.645
C49H63NS,4110375.781
C50H65NS,3625984.912
C52H69NS,3773372.981
C54H73NS,4318574.752
,
Formula,Mono Inty
C41H45NS,3145673.838
C42H47NS,3184810.749
C43H49NS,3413870.499
C49H61NS,3325544.323
C53H69NS,3576374.889
,
,
Formula,Mono Inty
C29H48O,3777635.745
C30H50O,3282553.068
C32H54O,2896213.565
C34H58O,2890526.83
,
Formula,Mono Inty
C12H12O,4089752.724
C13H14O,5801344.758
C28H44O,4337363.457
C31H50O,4846177.968
C32H52O,3296694.284
C33H54O,3816611.562
C34H56O,4442284.135
,
Formula,Mono Inty
C14H14O,5881751.217
C25H36O,2606558.989
C28H42O,4339000.437
C29H44O,3931107.044
C30H46O,2796968.988
C32H50O,4443274.827
C33H52O,2936655.56
C36H58O,3811094.983
C39H64O,3457686.428
C46H78O,3340924.516
,
Formula,Mono Inty
C22H28O,2871724.263
C24H32O,2851628.378
C25H34O,2944752.518
C26H36O,5303354.604
C28H40O,6909127.027
C29H42O,8157496.632
C30H44O,7891678.251
C31H46O,3931663.802
C32H48O,7022645.047
C33H50O,4509705.798
C34H52O,5725421.978
C35H54O,5584619.781
C36H56O,5088194.705
C37H58O,4084038.405
C38H60O,3136389.94
C39H62O,4612972.979
C41H66O,3314826.44
,
Formula,Mono Inty
C22H26O,3958787.874
C23H28O,4557217.248
C24H30O,4218590.83
C25H32O,4141296.617
C26H34O,5445099.094
C27H36O,5421879.032
C28H38O,8815689.128
C29H40O,5911561.826
C30H42O,6917996.397
C31H44O,9413804.988
C32H46O,7022555.632
C33H48O,9406358.53
C34H50O,8937185.472
C35H52O,6183797.914
C36H54O,5090220.085
C37H56O,4455918.918
C38H58O,4782314.056
C39H60O,3997086.412
C40H62O,4095026.739
C45H72O,4531321.799
C47H76O,3216833.419
,
Formula,Mono Inty
C22H24O,2799690.379
C23H26O,3380086.148
C24H28O,4237826.43
C25H30O,4144592.515
C26H32O,4558254.993
C27H34O,7290176.932
C28H36O,4911092.235
C29H38O,4714117.02
C30H40O,9535723.989
C31H42O,6771534.927
C32H44O,5256247.881
C33H46O,4839595.164
C35H50O,6158984.445
C36H52O,5241594.027
C37H54O,3924675.027
C38H56O,3617365.263
C39H58O,3968336.233
C40H60O,4456582.894
C41H62O,3074265.298
C42H64O,4565846.775
C47H74O,4021448.743
,
Formula,Mono Inty
C19H16O,3434436.547
C20H18O,2473365.942
C21H20O,4866126.714
C22H22O,4122359.274
C23H24O,3580263.919
C24H26O,3007724.983
C25H28O,5389550.206
C26H30O,4083489.034
C27H32O,5905776.595
C28H34O,5906876.022
C29H36O,9219423.469
C30H38O,3972158.645
C31H40O,4187455.745
C32H42O,4636333.824
C35H48O,5994985.107
C36H50O,4773299.121
C37H52O,6309347.699
C38H54O,4031218.576
C39H56O,3473616.405
C40H58O,4136422.268
C41H60O,3393391.009
C42H62O,3766222.422
C43H64O,3511082.976
C44H66O,3524504.185
C46H70O,3284118.886
,
Formula,Mono Inty
C21H18O,2804153.103
C22H20O,4024842.126
C23H22O,4308692.84
C24H24O,4001860.692
C25H26O,5666277.662
C26H28O,5417172.697
C27H30O,5458834.175
C28H32O,6868843.857
C29H34O,3357460.266
C30H36O,4682116.087
C31H38O,8839252.789
C32H40O,5750795.031
C35H46O,5942693.361
C36H48O,5036996.675
C37H50O,3958874.826
C38H52O,3555233.605
C39H54O,3553929.176
C40H56O,4825934.436
C43H62O,4477608.061
C44H64O,3588268.851
C45H66O,4086311.037
C46H68O,4043269.672
,
Formula,Mono Inty
C23H20O,3009576.03
C24H22O,3804017.928
C25H24O,4710743.7
C26H26O,4179674.694
C27H28O,4576968.595
C28H30O,4742293.677
C29H32O,2858674.8
C30H34O,6372105.824
C31H36O,6479744.502
C32H38O,6667572.247
C33H40O,4202185.791
C34H42O,5220203.565
C35H44O,6743618.772
C36H46O,4754072.129
C37H48O,5311845.233
C38H50O,4272266.834
C39H52O,3779675.959
C40H54O,3337702.161
C41H56O,4784034.858
C43H60O,3301792.09
C44H62O,4009154.464
C46H66O,3165277.3
,
Formula,Mono Inty
C23H18O,3573803.172
C24H20O,3696009.509
C25H22O,3419920.137
C26H24O,3288234.247
C27H26O,3858953.855
C28H28O,5719207.815
C29H30O,3025663.92
C30H32O,6401677.181
C31H34O,4994241.637
C32H36O,3230503.333
C33H38O,2706639.126
C34H40O,5414346.719
C35H42O,4729094.07
C36H44O,3100306.46
C37H46O,4566214.002
C38H48O,3633372.742
C39H50O,3252350.068
C40H52O,3121503.558
C41H54O,3498225.831
C42H56O,3452103.05
C44H60O,3231560.167
,
Formula,Mono Inty
C25H20O,3762358.717
C26H22O,3542853.015
C28H26O,5031139.781
C32H34O,3669398.439
C33H36O,3840633.265
C34H38O,2759608.598
C35H40O,4926170.867
C36H42O,2979999.778
C37H44O,3405425.728
C38H46O,2879340.358
C40H50O,3231468.521
,
Formula,Mono Inty
C28H24O,2683089.513
C30H28O,3517090.457
C31H30O,3579253.085
C32H32O,3308171.362
C34H36O,3997649.318
,
Formula,Mono Inty
C32H30O,3258265.946
C34H34O,3656237.634
,
Formula,Mono Inty
C37H38O,2872120.915
,
,
Formula,Mono Inty
C13H12O,34498791.98
C14H14O,33729851.52
,
,
Formula,Mono Inty
C13H12O2,6176908.029
,
,
Formula,Mono Inty
C10H18S,4914647.212
C25H48S,2647789.22
C26H50S,3592892.62
C28H54S,3557778.842
C29H56S,3178232.677
C30H58S,4405698.837
C31H60S,3230392.032
C32H62S,3222076.225
C35H68S,3211961.578
C37H72S,3093712.057
,
Formula,Mono Inty
C10H16S,2747958.154
C11H18S,3272708.696
C12H20S,2788461.749
C21H38S,2521327.788
C22H40S,3166904.531
C23H42S,4513189.664
C24H44S,5023111.767
C25H46S,6557025.616
C26H48S,10990716.12
C27H50S,12031125.02
C28H52S,15034219.92
C29H54S,10237940.11
C30H56S,16355805.23
C31H58S,12477903.67
C33H62S,10777126.17
C34H64S,11491738.86
C35H66S,8436407.885
C36H68S,9427184.003
C37H70S,8690651.713
C38H72S,6471564.368
C39H74S,8771472.19
C40H76S,8100004.249
C41H78S,9089678.357
C42H80S,5926928.547
C43H82S,5932256.656
C44H84S,4393290.219
C46H88S,4010363.013
C49H94S,3629325.873
,
Formula,Mono Inty
C11H16S,2668762.193
C19H32S,2573149.203
C20H34S,3819692.836
C21H36S,3538454.359
C22H38S,5217680.195
C23H40S,9880795.29
C24H42S,7866326.849
C25H44S,11754508.74
C26H46S,15621028.1
C27H48S,14552837.46
C28H50S,21026351.78
C29H52S,24863173.68
C30H54S,26825669
C31H56S,23186783.24
C33H60S,12769798.71
C34H62S,18128140.29
C35H64S,14380498.13
C36H66S,14182448.25
C37H68S,14027569.92
C38H70S,12361261.92
C39H72S,11350743.95
C40H74S,5605267.079
C41H76S,5129253.752
C42H78S,6141235.677
C43H80S,10792938.24
C45H84S,8145369.668
C46H86S,5166194.65
C48H90S,5408623.371
C50H94S,4568660.3
C52H98S,3695877.958
,
Formula,Mono Inty
C20H32S,3634319.468
C21H34S,5181321.559
C22H36S,7013565.105
C23H38S,10071535.51
C24H40S,9750403.034
C25H42S,15763405.3
C26H44S,19376444.5
C27H46S,25836099.93
C28H48S,37722940.31
C29H50S,21371663.09
C30H52S,33535432.75
C31H54S,20893668.76
C33H58S,20962756.16
C34H60S,22446244.68
C35H62S,19400456.44
C36H64S,17333715.28
C37H66S,16874580.43
C38H68S,16852531.16
C39H70S,13092178.68
C40H72S,20710348.36
C41H74S,16275059.86
C42H76S,10737442.72
C43H78S,11562476.93
C44H80S,8963774.123
C45H82S,9853587.372
C46H84S,7249275.315
C48H88S,8594883.481
C50H92S,9375512.473
C51H94S,5166097.617
C53H98S,5147199.098
C54H100S,4576459.398
C56H104S,3866892.591
,
Formula,Mono Inty
C11H12S,7068029.422
C12H14S,3572793.895
C15H20S,2505438.89
C16H22S,2655199.964
C17H24S,2364824.007
C18H26S,3305875.281
C19H28S,6639720.363
C20H30S,9139202.064
C21H32S,11208795.73
C22H34S,22598446.79
C23H36S,23470775.39
C24H38S,34806214.76
C25H40S,45390326.97
C26H42S,31208298.82
C27H44S,74322940.53
C28H46S,60976249.75
C29H48S,62943918.54
C30H50S,71894307.98
C32H54S,63642414.32
C33H56S,97619457.29
C34H58S,92154107.23
C35H60S,68125636.22
C36H62S,59312492.6
C37H64S,48441916.53
C38H66S,48352702.55
C39H68S,44869569.39
C40H70S,46847934.22
C41H72S,36257623.89
C42H74S,31659369.82
C43H76S,25074144.12
C44H78S,30935823.82
C45H80S,26751782.18
C46H82S,15977174.67
C47H84S,14899786.17
C48H86S,19350772.58
C49H88S,17560696.7
C50H90S,11660403.98
C51H92S,12880124.23
C52H94S,14179468.03
C53H96S,8968274.987
C55H100S,10131294.05
C57H104S,6042966.607
C58H106S,4794119.978
C60H110S,4747323.03
C63H116S,3947319.3
,
Formula,Mono Inty
C12H12S,2409335.494
C17H22S,2424495.148
C18H24S,4000263.745
C19H26S,6054449.394
C20H28S,8370163.175
C21H30S,20956355.19
C22H32S,18925989.2
C23H34S,30522008.11
C24H36S,38359619.56
C25H38S,54387074.31
C26H40S,66816678.55
C27H42S,41041227.71
C28H44S,68696886.71
C29H46S,110426100.5
C30H48S,98656952.66
C31H50S,109856377.9
C33H54S,124641848.4
C34H56S,80918258
C35H58S,88279297.04
C36H60S,89692132.01
C37H62S,68331693.61
C38H64S,58666594.52
C39H66S,66305337.9
C40H68S,55216612.44
C41H70S,51617945.02
C42H72S,38418125.86
C43H74S,39625948.27
C44H76S,35696903.41
C45H78S,40980238.4
C46H80S,26759191.35
C47H82S,22425682.22
C48H84S,23781047.09
C49H86S,18032681.09
C52H92S,14943902.1
C53H94S,12770383.29
C56H100S,13206178.52
C59H106S,7221701.855
C60H108S,7338840.939
C67H122S,4144402.588
,
Formula,Mono Inty
C19H24S,5219539.323
C20H26S,8546344.186
C21H28S,11196583.5
C22H30S,12611914.54
C23H32S,22997928.27
C24H34S,22020063.23
C25H36S,29752290.45
C26H38S,36948063.96
C27H40S,43513994.27
C28H42S,49054181.79
C29H44S,53159523.3
C30H46S,8085425.418
C31H48S,79914985.39
C32H50S,87461026.52
C33H52S,94465078.84
C34H54S,79972215.79
C35H56S,70690833.17
C36H58S,69150213.23
C37H60S,55738260.42
C38H62S,48516588.23
C39H64S,56840263.99
C40H66S,61950167.47
C41H68S,37550841.55
C42H70S,36966769.81
C43H72S,34699232.03
C44H74S,38492732.99
C45H76S,35253718.84
C47H80S,23671576.81
C48H82S,24794011.04
C49H84S,20662472.15
C50H86S,17294717.3
C51H88S,19750152.21
C53H92S,17017839.99
C54H94S,12748168.33
C55H96S,18494671.04
C57H100S,10240661.18
C58H102S,11181039.32
C59H104S,7919443.345
C61H108S,7486528.223
,
Formula,Mono Inty
C14H12S,2537064.297
C15H14S,4547162.619
C16H16S,6104798.059
C17H18S,10331428.1
C18H20S,14251545.68
C19H22S,20083433.96
C20H24S,28095229.51
C21H26S,33147338.36
C22H28S,31492966.9
C23H30S,37394317.16
C24H32S,43587761.86
C25H34S,59952738.07
C26H36S,62363668.46
C27H38S,83240171.41
C28H40S,92004645.35
C29H42S,95730056.11
C30H44S,72288905.16
C31H46S,103332838.4
C32H48S,85234351.44
C33H50S,88969590.52
C34H52S,53559716.71
C35H54S,84996092.13
C36H56S,67878926.95
C37H58S,62841138.19
C38H60S,61695970.07
C39H62S,54827377.38
C40H64S,71978842.62
C41H66S,41828877.72
C42H68S,37921603.02
C43H70S,30899644.56
C44H72S,33957994.54
C45H74S,33318897.05
C47H78S,23882795.66
C48H80S,25082726.01
C49H82S,19882395.09
C50H84S,21592900.95
C51H86S,21153008.18
C52H88S,20910928.66
C56H96S,13333892.42
C60H104S,7995069.168
C62H108S,7979206.592
C63H110S,4571095.328
C65H114S,4498109.881
C68H120S,5197333.367
C70H124S,4819847.39
,
Formula,Mono Inty
C17H16S,4763732.004
C18H18S,7401694.545
C19H20S,12804746.76
C20H22S,19331915.95
C21H24S,20309588.17
C22H26S,29603430.8
C23H28S,35638183.72
C24H30S,41638457.97
C25H32S,48528906.13
C26H34S,49778221.55
C27H36S,76644288.32
C28H38S,63269638.65
C29H40S,72356491.31
C30H42S,74207548.44
C31H44S,105452297.6
C32H46S,72365702.17
C33H48S,87540860.25
C34H50S,83249736.3
C35H52S,79597575.61
C36H54S,67679281.28
C37H56S,54295574.43
C38H58S,71853160.07
C39H60S,61032207.29
C40H62S,66896195.37
C41H64S,45204945.68
C42H66S,43518573.33
C43H68S,37015581.22
C44H70S,44055925.04
C45H72S,31155764.54
C46H74S,22095002.77
C47H76S,25763873.91
C48H78S,21708007.99
C50H82S,21095080.7
C52H86S,16942090.65
C53H88S,15985217.35
C54H90S,15550575.84
C55H92S,17762203.13
C57H96S,13765531.7
C58H98S,10435289.29
C59H100S,10190075.88
C60H102S,8230165.953
C63H108S,8664696.614
C64H110S,6114538.331
C65H112S,4104483.519
C68H118S,4470895.434
,
Formula,Mono Inty
C17H14S,2907772.031
C18H16S,4368162.766
C19H18S,5026448.096
C20H20S,8674426.282
C21H22S,13668508.16
C22H24S,24245852.97
C23H26S,21706947.74
C24H28S,24394035.31
C25H30S,35667869.75
C26H32S,37333181.94
C27H34S,44271760.89
C28H36S,52395203.66
C29H38S,47671730.61
C30H40S,68139929.29
C31H42S,67051720.58
C32H44S,84834041.75
C33H46S,81259063.6
C34H48S,71618566.56
C35H50S,56479694.03
C36H52S,55447786.57
C37H54S,64474562.17
C38H56S,42518707.02
C39H58S,52159885
C40H60S,51509132.39
C41H62S,38573576.51
C42H64S,38135981.23
C43H66S,30700672.64
C44H68S,40427615.42
C45H70S,6013418.714
C46H72S,22887741.78
C47H74S,21077765.12
C48H76S,21981164.79
C50H80S,27748093.81
C51H82S,18790410.41
C53H86S,17138881.79
C56H92S,14888946.37
C61H102S,9767536.76
C67H114S,5657032.072
C69H118S,4495357.977
,
Formula,Mono Inty
C17H12S,5315156.773
C18H14S,20338633.3
C19H16S,18251236.58
C20H18S,20550284.05
C21H20S,19539764.63
C22H22S,21360613.39
C23H24S,17754886.07
C24H26S,25871329.22
C25H28S,26738845.99
C26H30S,24214491.16
C27H32S,24535499.8
C28H34S,38965685.49
C29H36S,44309373.21
C30H38S,64465364.34
C31H40S,35595836.38
C32H42S,65366586.62
C33H44S,51288977.18
C34H46S,42252431.62
C35H48S,45743988.64
C36H50S,38974956.25
C37H52S,37141799.81
C38H54S,37085715.05
C39H56S,37814335.54
C40H58S,35383261.59
C41H60S,34858687.99
C42H62S,28407392.65
C43H64S,24144003
C44H66S,20883473.81
C45H68S,21806099.76
C46H70S,25381959.5
C47H72S,12630206.8
C49H76S,19227178.04
C51H80S,17179385.09
C52H82S,18069930.95
C54H86S,15345193.45
C55H88S,14084527.78
C57H92S,12815093.05
C58H94S,9497073.167
C59H96S,7869987.502
C60H98S,7712068.503
C62H102S,8698633.725
C63H104S,4689601.906
C66H110S,4593887.16
,
Formula,Mono Inty
C19H14S,2543916.858
C20H16S,4949650.233
C21H18S,10483897.21
C22H20S,15267667.52
C23H22S,15390524.48
C24H24S,27783115.6
C25H26S,22409239.8
C26H28S,26885313.99
C27H30S,41141583.86
C28H32S,44028279.06
C29H34S,32259564.56
C30H36S,36203878.51
C31H38S,31972638.23
C32H40S,30910727.56
C33H42S,43286366.72
C34H44S,33712108.86
C35H46S,37707081.97
C36H48S,35824318.77
C37H50S,28940099.29
C38H52S,23727954.43
C39H54S,28632494.28
C40H56S,30790989.22
C41H58S,29567392.57
C42H60S,25966592.57
C43H62S,24355688.12
C44H64S,21483138.07
C45H66S,24138963.13
C46H68S,23343724.75
C47H70S,12438760.65
C49H74S,19259961.64
C50H76S,20720597.56
C51H78S,14796989
C52H80S,11818475.52
C53H82S,14719216.99
C54H84S,11480720.05
C56H88S,12830599.88
C58H92S,10021218.33
C59H94S,8018610.979
C63H102S,5725144.458
C64H104S,6157302.296
C65H106S,4362532.643
C66H108S,4053991.253
,
Formula,Mono Inty
C20H14S,3335638.734
C21H16S,6296471.378
C22H18S,7616866.843
C23H20S,11533588.67
C24H22S,13912674.23
C25H24S,17668329.19
C26H26S,10760408.16
C27H28S,24145176.05
C28H30S,33517641.28
C29H32S,14165477.97
C30H34S,42368688.15
C31H36S,43842379.69
C33H40S,21979382.31
C34H42S,34438308.5
C35H44S,27870098.85
C36H46S,26395030.39
C37H48S,27284284.91
C38H50S,28314666.82
C39H52S,24061099.35
C40H54S,25021906.99
C41H56S,15972918.12
C42H58S,22019112.54
C43H60S,20310062.05
C44H62S,19084007.26
C45H64S,17820959.05
C46H66S,21351540.45
C47H68S,14905793.44
C48H70S,12231867.96
C49H72S,16530615.26
C50H74S,11634949.48
C53H80S,13861689.38
C57H88S,11307097.87
C60H94S,6907759.387
C61H96S,6184808.499
,
Formula,Mono Inty
C21H14S,3490912.964
C22H16S,5284787.611
C23H18S,8803352.299
C24H20S,8406628.006
C25H22S,11495564.04
C26H24S,12784143.22
C27H26S,12822504.19
C28H28S,8982607.276
C29H30S,23139425.51
C30H32S,31867427.55
C31H34S,22078979.4
C32H36S,17000132.77
C33H38S,24350741.82
C34H40S,22333134.14
C35H42S,20861146.63
C36H44S,25688872.91
C37H46S,18889596.64
C38H48S,17933869.5
C39H50S,21632872.62
C40H52S,19872438.38
C41H54S,15246111.63
C42H56S,16563830.74
C43H58S,16496208.16
C44H60S,14628726.14
C45H62S,3524822.877
C46H64S,17357671.66
C48H68S,11880966.92
C49H70S,13792033.55
C50H72S,13259600.13
C52H76S,10802135.47
C54H80S,13130946.5
C55H82S,11789192.19
C56H84S,9552341.833
C58H88S,8390568.239
C59H90S,8860965.856
C60H92S,6579415.876
C62H96S,5726720.196
C67H106S,4236758.264
C71H114S,5220604.083
,
Formula,Mono Inty
C24H18S,5449023.133
C25H20S,8926292.416
C26H22S,9902056.435
C27H24S,14165308.38
C28H26S,8522984.714
C29H28S,15106859.74
C30H30S,13407623.71
C31H32S,15959440.97
C32H34S,13362971.7
C33H36S,16304845.74
C34H38S,20353710.32
C35H40S,14628521.42
C36H42S,14470874.31
C37H44S,15723189.57
C38H46S,13422274.82
C39H48S,19946450.96
C40H50S,18427776.92
C41H52S,15373166.13
C42H54S,10214569.2
C43H56S,11559301.58
C44H58S,9223281.347
C45H60S,10080016.68
C46H62S,8162478.498
C47H64S,5797289.682
C48H66S,8770581.54
C49H68S,11311676.13
C50H70S,9139994.668
C51H72S,11059851.23
C52H74S,7341906.948
C53H76S,11403667.16
C57H84S,11767170.36
C61H92S,4530828.185
C64H98S,4324142.53
C66H102S,4357671.426
C67H104S,4711805.795
,
Formula,Mono Inty
C25H18S,2875487.027
C26H20S,5298798.041
C27H22S,7084118.813
C28H24S,3470789.217
C29H26S,6381328.127
C31H30S,13367510.41
C33H34S,10171271.84
C34H36S,14647393.31
C35H38S,8502765.72
C36H40S,9180409.725
C37H42S,11950864.85
C38H44S,9767770.51
C39H46S,10724628.96
C40H48S,13709051.28
C41H50S,12784808.15
C42H52S,8881192.746
C43H54S,9237861.595
C44H56S,8679644.07
C46H60S,5350042.429
C47H62S,6891455.085
C48H64S,7290954.432
C49H66S,9757383.074
C50H68S,7666686.073
C51H70S,6686239.295
C53H74S,7078087.625
C54H76S,4907754.655
C55H78S,6958746.808
C56H80S,6435074.092
C58H84S,8598899.691
C59H86S,6651260.139
C60H88S,5446429.366
C64H96S,5567197.029
C73H114S,4363729.694
,
Formula,Mono Inty
C27H20S,4094075.474
C29H24S,8593022.636
C30H26S,7229880.697
C33H32S,7434243.326
C34H34S,8302795.333
C35H36S,10520093.88
C36H38S,8551370.704
C37H40S,7951648.368
C38H42S,8574928.548
C39H44S,8513267.712
C40H46S,6847677.17
C41H48S,7550397.09
C42H50S,6980572.05
C43H52S,6008924.09
C44H54S,6033669.052
C46H58S,4426447.276
C47H60S,6293174.369
C48H62S,5263958.941
C49H64S,9069880.277
C50H66S,6472319.387
C51H68S,12299299.21
C54H74S,4351626.252
C57H80S,6521285.536
C62H90S,4804052.676
,
Formula,Mono Inty
C28H20S,3715730.563
C29H22S,3705440.692
C31H26S,5847608.2
C32H28S,5110970.559
C33H30S,8445960.428
C34H32S,6681724.767
C35H34S,5400163.338
C36H36S,4867607.166
C37H38S,6664347.197
C38H40S,6364730.783
C39H42S,5535440.247
C40H44S,6021780.503
C41H46S,5303812.697
C42H48S,5637955.566
C43H50S,6000303.469
C46H56S,5937151.312
C47H58S,7864252.978
C48H60S,5521267.966
C49H62S,5584807.47
C50H64S,6590925.838
C52H68S,4410164.594
C53H70S,4893448.739
C55H74S,5201559.418
C56H76S,5477923.65
C58H80S,4170786.267
,
Formula,Mono Inty
C31H24S,3183638.349
C32H26S,3869952.844
C33H28S,4437284.971
C34H30S,3579045.609
C35H32S,3264708.737
C36H34S,3478072.795
C37H36S,4959782.225
C38H38S,4748860.631
C39H40S,3911010.101
C40H42S,3719311.925
C41H44S,4504778.647
C42H46S,6199565.301
C43H48S,4163242.211
C44H50S,3396800.039
C45H52S,5257092.415
C47H56S,7831608.883
C48H58S,3818320.086
C49H60S,3903105.452
C50H62S,6787942.044
C51H64S,6160649.682
C52H66S,3827544.165
C53H68S,3443396.941
C54H70S,4865658.38
C55H72S,3557039.476
C57H76S,4933407.405
,
Formula,Mono Inty
C33H26S,2705678.665
C34H28S,2961382.15
C36H32S,3649194.91
C37H34S,2971681.007
C38H36S,3489238.713
C39H38S,3747506.764
C40H40S,3474362.275
C41H42S,3793065.158
C43H46S,3228185.154
C46H52S,3976160.916
C47H54S,4401004.115
C49H58S,3594609.434
C50H60S,4216269.498
C51H62S,5263170.197
C62H84S,3857110.847
,
Formula,Mono Inty
C37H32S,2810413.708
C39H36S,3001511.194
C47H52S,4674761.388
,
Formula,Mono Inty
C51H58S,3388764.044
,
Formula,Mono Inty
C73H96S,4675576.667
,
,
Formula,Mono Inty
C30H60S,2831532.277
,
Formula,Mono Inty
C11H20S,2337422.828
C12H22S,2943148.976
C13H24S,2353099.89
C16H30S,2689105.66
C18H34S,2687039.222
C19H36S,2610436.157
C20H38S,3950866.314
C21H40S,4155178.914
C22H42S,4244252.886
C23H44S,6197743.719
C24H46S,6909107.105
C25H48S,4751060.12
C26H50S,8461833.08
C27H52S,7482475.01
C28H54S,12063195.19
C29H56S,11133979.93
C30H58S,8758620.902
C31H60S,6786611.325
C32H62S,6877515.36
C33H64S,6370206.023
C34H66S,6273375.11
C35H68S,4860197.058
C36H70S,4212731.379
C37H72S,4752891.565
C38H74S,4190837.01
C39H76S,3406759.886
C40H78S,3141374.627
C42H82S,3968317.193
,
Formula,Mono Inty
C11H18S,3988135.345
C16H28S,2642664.319
C17H30S,3029792.247
C18H32S,2928591.901
C19H34S,2694696.555
C20H36S,4551080.035
C21H38S,6403211.321
C22H40S,6463270.777
C23H42S,6532925.308
C24H44S,9933977.739
C25H46S,11707212.46
C26H48S,14251246.22
C27H50S,9191901.285
C28H52S,9639090.134
C29H54S,8565350.702
C30H56S,14577087.28
C31H58S,7641144.97
C32H60S,12950664.49
C33H62S,7474420.159
C34H64S,6070355.269
C35H66S,5283605.791
C36H68S,4697858.854
C37H70S,6423065.218
C38H72S,5430869.5
C39H74S,6246551.779
C40H76S,6879417.21
C41H78S,3847652.845
C42H80S,3481614.897
C43H82S,4432543.369
C45H86S,3770126.355
C47H90S,3824607.156
,
Formula,Mono Inty
C11H16S,3742006.303
C12H18S,3396677.343
C14H22S,2567910.156
C15H24S,2818932.792
C16H26S,2395952.109
C17H28S,2470909.74
C18H30S,2915739.489
C19H32S,4382168.213
C20H34S,5012187.769
C21H36S,6560377.809
C22H38S,6130774.414
C23H40S,8009609.786
C24H42S,7894506.915
C25H44S,8041617.158
C26H46S,13969843.63
C27H48S,14755350.18
C28H50S,8019705.304
C29H52S,11942013.1
C30H54S,17516036.35
C31H56S,13100437.37
C32H58S,10103671.05
C33H60S,7176626.942
C34H62S,9387081.03
C35H64S,6223528.555
C36H66S,7702840.947
C37H68S,6993425.78
C38H70S,5784944.284
C39H72S,5699201.871
C40H74S,7211674.144
C41H76S,5658996.15
C42H78S,4459996.345
C43H80S,4442762.111
C44H82S,4520515.211
C45H84S,3688294.472
C47H88S,3462764.338
,
Formula,Mono Inty
C16H24S,2698391.876
C18H28S,3160323.396
C20H32S,4180945.545
C21H34S,8164124.238
C22H36S,5590903.492
C23H38S,4111010.355
C24H40S,6918147.656
C25H42S,6494499.432
C26H44S,11221436.98
C27H46S,10436905.14
C28H48S,12759274.19
C29H50S,10410558.12
C30H52S,15072706.78
C31H54S,13242224.88
C32H56S,8258367.214
C33H58S,9887608.837
C34H60S,8785167.321
C35H62S,8715164.596
C36H64S,8551362.071
C37H66S,7192888.927
C38H68S,5436758.015
C39H70S,4992160.499
C40H72S,5350281.317
C41H74S,4400094.207
C43H78S,4365963.872
C44H80S,4531682.117
C45H82S,4163863.306
C47H86S,3821964.35
,
Formula,Mono Inty
C21H32S,3397187.74
C22H34S,5814752.462
C23H36S,5213527.622
C24H38S,5209900.569
C25H40S,5795346.68
C26H42S,8394570.723
C27H44S,11781172.45
C28H46S,6260711.243
C29H48S,17298726.86
C30H50S,10359411.5
C32H54S,7410339.628
C33H56S,8197099.203
C34H58S,8005444.414
C35H60S,7284193.899
C36H62S,6687752.833
C37H64S,4949841.89
C38H66S,4595003.002
C39H68S,5331274.926
C40H70S,6950877.8
C41H72S,5005296.151
C42H74S,4228154.866
C43H76S,4885214.65
C44H78S,3272773.315
C45H80S,4235542.605
,
Formula,Mono Inty
C11H10S,3714162.134
C12H12S,2776076.165
C19H26S,2780856.457
C21H30S,2936834.751
C22H32S,3034179.71
C23H34S,4432182.577
C24H36S,4541202.398
C25H38S,3835402.133
C26H40S,6580171.63
C27H42S,6606399.584
C28H44S,6616868.99
C29H46S,7145513.622
C30H48S,4180780.857
C32H52S,6729072.454
C33H54S,5162892.888
C34H56S,6720921.387
C35H58S,5108387.877
C36H60S,4781559.702
C37H62S,4307380.957
C38H64S,3706480.929
C39H66S,6377521.37
C40H68S,5818052.89
C41H70S,3254339.25
C42H72S,4254631.757
C43H74S,3231023.304
C45H78S,3237044.354
C50H88S,3870513.722
C53H94S,3546467.468
,
Formula,Mono Inty
C20H26S,2521884.442
C23H32S,2843276.308
C24H34S,4216233.315
C25H36S,5462105.768
C26H38S,6048047.615
C27H40S,4580160.761
C28H42S,7559034.101
C29H44S,7166615.649
C30H46S,7189301.093
C31H48S,4493348.602
C32H50S,5858955.389
C33H52S,4787229.309
C34H54S,4940292.533
C35H56S,3660582.589
C36H58S,4142775.139
C37H60S,3246092.333
C38H62S,3168487.076
C39H64S,5856100.454
C40H66S,3135363.308
C43H72S,3218421.534
C47H80S,3695112.291
,
Formula,Mono Inty
C22H28S,3116552.008
C23H30S,2743041.926
C25H34S,2629987.723
C26H36S,3559299.039
C27H38S,3297693.039
C28H40S,3925530.254
C29H42S,7012744.498
C30H44S,4785664.129
C31H46S,4192241.629
C32H48S,4856574.298
C33H50S,4205958.177
C34H52S,3975979.956
C35H54S,3191072.374
C36H56S,2931641.942
C37H58S,3953149.347
C39H62S,3627443.979
C40H64S,3185001.194
,
Formula,Mono Inty
C24H30S,2560159.367
C26H34S,2945464.475
C27H36S,3778807.176
C28H38S,2660821.295
C29H40S,5459442.195
C30H42S,2822686.501
C31H44S,5162998.532
C32H46S,3474762.513
C33H48S,5672955.132
C35H52S,4657926.771
C36H54S,3359256.523
C48H78S,3539234.29
,
Formula,Mono Inty
C18H16S,2662237.764
C27H34S,2983459.172
C28H36S,2812075.496
C29H38S,4831354.122
C30H40S,3400908.905
C31H42S,3426620.794
C32H44S,3492521.356
C36H52S,3119996.991
C48H76S,3373580.021
C52H84S,3877561.181
,
Formula,Mono Inty
C32H42S,3922615.32
C33H44S,3471202.468
,
Formula,Mono Inty
C29H34S,2839107.378
,
Formula,Mono Inty
C28H30S,2617413.701
C54H82S,4465053.227
,
Formula,Mono Inty
C53H78S,4265846.973
,
Formula,Mono Inty
C64H96S,4588697.58
,
Formula,Mono Inty
C62H90S,4466763.23
,
Formula,Mono Inty
C48H58S,3630330.94
C51H64S,6358959.31
C67H96S,4441902.452
,
Formula,Mono Inty
C49H58S,3683141.517
,
,
Formula,Mono Inty
C26H50S2,2910011.234
C28H54S2,2820029.698
C30H58S2,3394853.757
C34H66S2,3091732.845
,
Formula,Mono Inty
C24H44S2,3426462.935
C25H46S2,3780705.225
C26H48S2,4499005.64
C27H50S2,7162773.178
C28H52S2,5680090.935
C29H54S2,6286286.218
C30H56S2,6193841.756
C31H58S2,5339396.228
C32H60S2,3797887.127
C34H64S2,3678239.226
C35H66S2,3930343.279
C36H68S2,3048478.541
C37H70S2,3404144.762
C38H72S2,3294367.378
C39H74S2,4052033.546
,
Formula,Mono Inty
C22H38S2,2968400.473
C23H40S2,4177056.993
C24H42S2,6204072.294
C25H44S2,8417078.742
C26H46S2,6328646.13
C27H48S2,5181082.945
C28H50S2,7779023.517
C29H52S2,6958528.406
C30H54S2,7567102.744
C31H56S2,6384274.733
C32H58S2,7349630.596
C33H60S2,7130499.211
C34H62S2,6485797.265
C35H64S2,6629161.33
C36H66S2,5767212.323
C37H68S2,6424241.843
C38H70S2,4158267.562
C40H74S2,7354226.244
C42H78S2,3615677.97
C45H84S2,4015513.485
,
Formula,Mono Inty
C20H32S2,2568089.578
C21H34S2,2819055.945
C22H36S2,3046574.738
C23H38S2,3126088.304
C24H40S2,7155396.06
C25H42S2,4938525.564
C26H44S2,5935010.63
C27H46S2,7525344.364
C28H48S2,9656991.894
C29H50S2,7024816.571
C30H52S2,8118253.869
C31H54S2,7566147.537
C32H56S2,7716878.686
C33H58S2,6792994.08
C34H60S2,8452194.257
C35H62S2,8515583.778
C36H64S2,9191167.679
C37H66S2,7203896.73
C38H68S2,6514784.897
C39H70S2,6978634.035
C40H72S2,11899238.2
C41H74S2,4772415.091
C43H78S2,3233857.794
C45H82S2,5052455.002
,
Formula,Mono Inty
C22H34S2,3723924.084
C23H36S2,4029061.736
C24H38S2,6514829.186
C25H40S2,6010719.216
C26H42S2,5022733.976
C27H44S2,8052236.41
C28H46S2,7291387.131
C29H48S2,12622490.3
C30H50S2,15296458.89
C31H52S2,8708765.646
C32H54S2,8254258.202
C33H56S2,8588043.712
C34H58S2,9337890.611
C35H60S2,7880092.838
C36H62S2,8825212.796
C37H64S2,7092683.498
C38H66S2,6661400.144
C40H70S2,9323465.236
C41H72S2,6915790.4
C42H74S2,3881160.504
C45H80S2,6027513.464
C48H86S2,3541688.609
,
Formula,Mono Inty
C19H26S2,3263982.315
C20H28S2,2886887.701
C21H30S2,6536994.468
C22H32S2,6796964.196
C23H34S2,6518047.394
C24H36S2,7031577.442
C25H38S2,11402103.23
C26H40S2,14588987.06
C27H42S2,22820873.78
C28H44S2,13471227.19
C29H46S2,22356953.68
C30H48S2,18546575.1
C31H50S2,13859770.37
C32H52S2,15720818.06
C33H54S2,13584960.76
C34H56S2,14127257.47
C35H58S2,15381653.57
C36H60S2,13220747.37
C37H62S2,11258800.09
C38H64S2,14782903.6
C39H66S2,11990004.79
C40H68S2,16307598.22
C41H70S2,7937105.555
C42H72S2,8787033.28
C43H74S2,8804053.865
C44H76S2,6233622.948
C46H80S2,5843350.593
C47H82S2,5024043.1
C48H84S2,6438450.151
C49H86S2,6530100.02
C51H90S2,4396020.022
C52H92S2,4927971.825
C54H96S2,4664431.259
,
Formula,Mono Inty
C16H18S2,2553795.01
C17H20S2,2771377.06
C18H22S2,5128496.675
C19H24S2,7375679.566
C20H26S2,7748989.034
C21H28S2,12538765.82
C22H30S2,13067479.55
C23H32S2,16218130.93
C24H34S2,26082344.89
C25H36S2,27781905.03
C26H38S2,19533415.69
C27H40S2,23975997.52
C28H42S2,22559967.1
C29H44S2,20131782.71
C30H46S2,33915248.32
C31H48S2,23791972.01
C32H50S2,27315694.78
C33H52S2,26718483.73
C34H54S2,18701496.7
C35H56S2,18850448.35
C36H58S2,19609065.6
C37H60S2,15882008.51
C38H62S2,18339540.19
C39H64S2,18107076.7
C40H66S2,22774961.84
C41H68S2,10492023.87
C42H70S2,13568237.77
C43H72S2,12767562.99
C44H74S2,9229087.348
C46H78S2,12904559.44
C47H80S2,12130679.71
C48H82S2,7680771.798
C49H84S2,7907021.366
C50H86S2,9615347.092
C51H88S2,6504068.729
C53H92S2,6322741.766
,
Formula,Mono Inty
C18H20S2,2510274.601
C19H22S2,4703981.805
C20H24S2,6474408.706
C21H26S2,7477464.672
C22H28S2,8562795.715
C23H30S2,6788534.726
C24H32S2,17042414.27
C25H34S2,21943699.21
C26H36S2,10920090.41
C27H38S2,32110221.44
C28H40S2,36512093.41
C29H42S2,20556280.81
C30H44S2,20978293.11
C31H46S2,31637568.63
C32H48S2,21591463.89
C33H50S2,25389318.47
C34H52S2,22009995.57
C35H54S2,20750324.79
C36H56S2,18088083.95
C37H58S2,20073540.43
C38H60S2,14845791.16
C39H62S2,19673030.76
C40H64S2,22736106.48
C41H66S2,20024124.38
C42H68S2,16575059.87
C43H70S2,16119958.16
C45H74S2,11446604.85
C46H76S2,14111097.61
C47H78S2,10716938
C50H84S2,9757954.395
C54H92S2,7399975.872
C58H100S2,3848709.54
,
Formula,Mono Inty
C21H24S2,3369272.353
C22H26S2,5229653.092
C23H28S2,6056864.481
C24H30S2,7617170.621
C25H32S2,5158772.724
C26H34S2,16694425.42
C27H36S2,23955271.76
C28H38S2,18202625.62
C29H40S2,13791502.38
C30H42S2,19662222.9
C31H44S2,22041635.16
C32H46S2,17880955.73
C33H48S2,22763816.26
C34H50S2,19171354.48
C35H52S2,19053171.36
C36H54S2,16202888.18
C37H56S2,16891334.77
C38H58S2,15941651.45
C39H60S2,15607693.99
C40H62S2,19602105.96
C41H64S2,12544696.92
C42H66S2,11744179.99
C43H68S2,14226234.32
C45H72S2,12470523.39
C46H74S2,12888534.85
C47H76S2,10952797.76
C48H78S2,7568536.441
C49H80S2,10229772.89
C51H84S2,10367918.88
C52H86S2,9226362.978
C53H88S2,6529555.674
C55H92S2,5285127.032
C56H94S2,6584631.437
C57H96S2,4100389.198
C59H100S2,7067406.493
,
Formula,Mono Inty
C16H12S2,4531897.234
C17H14S2,9583784.274
C18H16S2,11771401.68
C19H18S2,15684493.32
C20H20S2,14798854.35
C21H22S2,17336681.93
C22H24S2,21507466.53
C23H26S2,21655187.56
C24H28S2,26840406.4
C25H30S2,13727590.88
C26H32S2,29140698.14
C27H34S2,23246553.28
C28H36S2,25373565.85
C29H38S2,22337116.11
C30H40S2,30966496.68
C31H42S2,31697202.67
C32H44S2,23832757.85
C33H46S2,28916772.5
C34H48S2,22810756.46
C35H50S2,23762180.6
C36H52S2,24696674.05
C37H54S2,23332457
C38H56S2,19177996.67
C39H58S2,16645425.01
C40H60S2,20543528.55
C41H62S2,13680399
C42H64S2,15036403.31
C43H66S2,12747819.58
C44H68S2,12456512.63
C46H72S2,14757966.01
C47H74S2,10431763.75
C48H76S2,13779485.92
C49H78S2,10447028.01
C50H80S2,12955387.19
C54H88S2,8866912.573
C58H96S2,5686114.57
C60H100S2,4298236.937
C61H102S2,3949469.39
C63H106S2,4143582.883
,
Formula,Mono Inty
C18H14S2,2466992.516
C19H16S2,3683210.819
C20H18S2,5493151.865
C21H20S2,7510793.304
C22H22S2,9707647.069
C23H24S2,14929411.98
C24H26S2,22861353.45
C25H28S2,12585159.82
C26H30S2,14092213.64
C27H32S2,17171562.64
C28H34S2,33960324.7
C29H36S2,25040287.71
C30H38S2,34556517.1
C31H40S2,46908531.83
C32H42S2,27005622.34
C33H44S2,30200213.75
C34H46S2,32604964.41
C35H48S2,22558296.17
C36H50S2,30399358.27
C37H52S2,26747886.44
C38H54S2,30281874.45
C39H56S2,24461775.29
C40H58S2,24101621.91
C41H60S2,23866706.76
C42H62S2,24321596.17
C43H64S2,13099765.77
C44H66S2,16116663.39
C45H68S2,13585634.12
C46H70S2,15960529.16
C48H74S2,11979450.98
C50H78S2,11752636.28
C51H80S2,10562240.4
C52H82S2,10273501.45
C53H84S2,10402052.06
C55H88S2,11244714.45
C56H90S2,7633148.77
C57H92S2,8698969.802
C61H100S2,4430674.646
C62H102S2,4752732.925
,
Formula,Mono Inty
C21H18S2,4201561.389
C22H20S2,4968538.316
C23H22S2,7100792.898
C24H24S2,8898978.947
C25H26S2,5673153.499
C26H28S2,16525112.99
C27H30S2,14019451.14
C30H36S2,17484985.1
C31H38S2,19076172.05
C32H40S2,21324260.97
C33H42S2,18644284.36
C34H44S2,15887309.75
C35H46S2,18526042.05
C36H48S2,16553165.63
C37H50S2,21622158.59
C38H52S2,18888211.26
C39H54S2,15756772.17
C40H56S2,18804958.49
C42H60S2,16158612.48
C43H62S2,13544082.98
C44H64S2,13571227.74
C45H66S2,9895562.908
C46H68S2,13276438.37
C48H72S2,13912241.47
C49H74S2,8995877.225
C51H78S2,10785841.96
C54H84S2,11083730.39
C59H94S2,5872706.3
C65H106S2,4758144.626
,
Formula,Mono Inty
C20H14S2,7012088.441
C21H16S2,10097762.86
C22H18S2,9701701.816
C23H20S2,13926203.07
C24H22S2,12257465.88
C25H24S2,16919226.1
C26H26S2,12989329.44
C27H28S2,10197549.82
C28H30S2,18371270.62
C29H32S2,11648413.26
C30H34S2,22865504.47
C31H36S2,15800625.76
C32H38S2,13774083.28
C33H40S2,14857564.96
C34H42S2,14921104.18
C35H44S2,11201522.75
C36H46S2,15525418.9
C37H48S2,12801523.72
C38H50S2,12518940.96
C39H52S2,11486113.29
C40H54S2,14248877.8
C41H56S2,8985180.74
C43H60S2,11808045.92
C44H62S2,12908912.82
C45H64S2,7734696.817
C46H66S2,8201201.481
C47H68S2,9118332.605
C49H72S2,9836133.776
C50H74S2,10954748.57
C52H78S2,8330711.834
C53H80S2,8905429.848
C55H84S2,6830958.927
C56H86S2,6666155.817
C57H88S2,6243619.559
C58H90S2,7031701.503
C60H94S2,7180817.784
,
Formula,Mono Inty
C23H18S2,5695346.769
C24H20S2,7051272.028
C25H22S2,10833499.02
C26H24S2,11499610.59
C27H26S2,11012662.82
C28H28S2,12255143.07
C29H30S2,19891524.5
C30H32S2,22205713.01
C31H34S2,12652546.07
C32H36S2,15200503.04
C33H38S2,14667670.94
C34H40S2,14550706.35
C35H42S2,13309681.13
C36H44S2,11151543.91
C37H46S2,12259341.99
C38H48S2,13366581.96
C39H50S2,17457640.61
C40H52S2,10761424.63
C41H54S2,12827534.22
C42H56S2,12891670.14
C43H58S2,12843117.18
C44H60S2,12299769.6
C45H62S2,7513766.484
C46H64S2,9194773.466
C47H66S2,12950504.67
C48H68S2,9219789.768
C49H70S2,8857121.057
C50H72S2,8289632.354
C51H74S2,9824546.677
C52H76S2,8697399.643
C54H80S2,10283486.68
C56H84S2,5844767.043
C57H86S2,5892183.974
C59H90S2,4521177.745
C61H94S2,4600818.733
C62H96S2,5074365.238
C63H98S2,4428154.017
,
Formula,Mono Inty
C24H18S2,4562869.255
C25H20S2,3441455.517
C26H22S2,6800736.039
C27H24S2,7269980.164
C28H26S2,5551983.685
C29H28S2,11268739.17
C30H30S2,9002156.099
C31H32S2,11952750.51
C32H34S2,9264094.723
C33H36S2,8958399.984
C34H38S2,10271456.32
C35H40S2,9124927.693
C36H42S2,12361855.05
C37H44S2,11808487.13
C38H46S2,12653066.71
C39H48S2,10604375.65
C40H50S2,9724245.065
C41H52S2,9228539.75
C42H54S2,14295632.07
C43H56S2,8275869.923
C44H58S2,10046396.87
C46H62S2,6765454.662
C47H64S2,7556802.41
C48H66S2,10591348.65
C51H72S2,8052117.987
C55H80S2,6129882.898
C58H86S2,5085562.601
C59H88S2,3969464.772
,
Formula,Mono Inty
C24H16S2,2679050.421
C25H18S2,3710428.287
C26H20S2,5859757.509
C27H22S2,7026931.668
C28H24S2,5888042.006
C30H28S2,3835810.339
C31H30S2,7112168.016
C32H32S2,7020245.555
C33H34S2,7370517.433
C34H36S2,7618547.554
C35H38S2,7256945.131
C36H40S2,7091329.72
C37H42S2,8577721.925
C38H44S2,8406242.454
C39H46S2,6318860.675
C40H48S2,8076722.709
C41H50S2,6389856.176
C42H52S2,5228845.167
C43H54S2,3365281.46
C44H56S2,6952997.724
C45H58S2,3541156.944
C47H62S2,6423865.067
C48H64S2,7569833.131
C50H68S2,7528692.2
C52H72S2,7806773.168
C53H74S2,8020418.773
C54H76S2,5813404.204
C56H80S2,5123453.226
C57H82S2,6218303.537
C58H84S2,5900428.666
C60H88S2,5330743.531
C65H98S2,4994535.723
,
Formula,Mono Inty
C28H22S2,5421499.359
C29H24S2,6060408.955
C31H28S2,5870578.452
C32H30S2,4905827.142
C33H32S2,5192924.514
C34H34S2,4248286.398
C35H36S2,5440927.198
C36H38S2,5107779.354
C37H40S2,7152774.951
C38H42S2,7477089.799
C39H44S2,6607933.151
C41H48S2,6036533.695
C42H50S2,4723334.719
C43H52S2,5409051.53
C44H54S2,4271671.021
C46H58S2,5755501.769
C47H60S2,7464266.148
C48H62S2,6916276.304
C49H64S2,6133991.544
C50H66S2,6174676.909
C51H68S2,6060835.445
C55H76S2,6375708.155
C59H84S2,6040382.99
C61H88S2,5061898.777
C62H90S2,3992637.12
C64H94S2,4648938.299
,
Formula,Mono Inty
C31H26S2,2949365.363
C34H32S2,4175352.243
C35H34S2,4977759.503
C36H36S2,3030924.004
C37H38S2,4007992.259
C38H40S2,4551422.445
C39H42S2,6320329.4
C40H44S2,3647188.54
C41H46S2,4446753.811
C42H48S2,4994970.296
C45H54S2,3850167.187
C46H56S2,3579901.008
C47H58S2,4812468.811
C48H60S2,5729092.029
C49H62S2,6329200.227
C51H66S2,4832604.096
C52H68S2,3820998.744
C53H70S2,4662144.033
C54H72S2,4844681.882
C56H76S2,4924430.951
C57H78S2,6198621.743
C58H80S2,5574882.773
C60H84S2,4137688.524
,
Formula,Mono Inty
C36H34S2,3378507.446
C37H36S2,2997815.079
C38H38S2,4337317.398
C39H40S2,3266360.356
C40H42S2,3989691.197
C42H46S2,3124094.271
C45H52S2,3317318.65
C47H56S2,4456860.906
C48H58S2,4167470.1
C49H60S2,3690632.716
C55H72S2,3791562.174
,
Formula,Mono Inty
C35H30S2,2902212.716
C41H42S2,3724740.306
C45H50S2,4154481.132
C47H54S2,3336183.952
C48H56S2,3950934.241
C49H58S2,3365426.558
C50H60S2,4126599.248
C51H62S2,3921774.774
C56H72S2,4858992.782
,
Formula,Mono Inty
C48H54S2,3806695.634
C55H68S2,4206996.544
,
Formula,Mono Inty
C47H50S2,4218340.219
,
,
Formula,Mono Inty
C40H72S3,5074638.385
,
Formula,Mono Inty
C35H60S3,3021169.848
C36H62S3,3625587.779
C40H70S3,4056596.56
,
Formula,Mono Inty
C34H56S3,3173091.847
C35H58S3,3331506.888
C39H66S3,3846123.816
C40H68S3,4572843.133
,
Formula,Mono Inty
C27H40S3,2711585.891
C30H46S3,3158932.675
C33H52S3,3510820.211
C34H54S3,3775208.04
C35H56S3,3518512.327
C37H60S3,3202177.09
C39H64S3,3778872.765
C40H66S3,3699765.542
C43H72S3,3461614.722
C45H76S3,3683774.597
,
Formula,Mono Inty
C25H34S3,4531774.856
C27H38S3,5919788.121
C28H40S3,4952544.103
C29H42S3,3987999.09
C30H44S3,4771501.332
C31H46S3,4529130.501
C32H48S3,4600529.072
C33H50S3,4050854.513
C34H52S3,3901149.235
C35H54S3,4084143.865
C36H56S3,4962152.343
C37H58S3,3703301.858
C39H62S3,4155656.573
C40H64S3,5851908.167
C41H66S3,3710675.399
C42H68S3,3250988.28
C47H78S3,3741700.654
,
Formula,Mono Inty
C25H32S3,2920074.206
C26H34S3,5387399.36
C27H36S3,4741513.02
C28H38S3,3416861.523
C29H40S3,4472454.683
C30H42S3,3808520.808
C31H44S3,4372505.214
C32H46S3,4401661.838
C33H48S3,4467929.063
C34H50S3,4136633.903
C35H52S3,4305500.911
C36H54S3,6456527.136
C37H56S3,4115785.733
C38H58S3,4437071.112
C39H60S3,5894385.597
C40H62S3,6276281.934
C41H64S3,4435600.626
C42H66S3,3421762.173
C44H70S3,4747384.651
C45H72S3,4859274.299
C46H74S3,3500393.163
C47H76S3,3735768.368
C51H84S3,4202946.057
,
Formula,Mono Inty
C26H32S3,3088375.13
C28H36S3,5042430.129
C29H38S3,3814255.081
C30H40S3,4826217.578
C31H42S3,3241726.189
C32H44S3,4389779.865
C33H46S3,4566751.625
C34H48S3,4286038.032
C35H50S3,4132358.847
C36H52S3,4401302.835
C37H54S3,4527405.725
C38H56S3,3363321.417
C39H58S3,4108031.981
C40H60S3,7619211.089
C41H62S3,6805158.616
C44H68S3,5982263.76
C45H70S3,4814764.637
C52H84S3,4137078.841
,
Formula,Mono Inty
C24H26S3,3393967.463
C25H28S3,3620312.252
C26H30S3,2738518.309
C28H34S3,2960084.644
C29H36S3,3730026.82
C30H38S3,3347567.913
C31H40S3,4604781.324
C32H42S3,3796182.179
C33H44S3,3578196.244
C34H46S3,4207482.064
C35H48S3,4907468.958
C36H50S3,3513833.911
C37H52S3,5153367.105
C38H54S3,4661847.361
C41H60S3,5931088.697
C44H66S3,5262722.818
C45H68S3,4514754.377
C49H76S3,4204826.073
C53H84S3,4332928.421
C54H86S3,3790601.473
,
Formula,Mono Inty
C23H22S3,4555620.445
C24H24S3,4249138.041
C25H26S3,6180081.461
C26H28S3,6523599.154
C27H30S3,4044942.545
C28H32S3,6461669.202
C29H34S3,4830462.155
C30H36S3,5433972.604
C31H38S3,5372500.305
C32H40S3,5004815.678
C33H42S3,5513638.627
C34H44S3,5610593.88
C35H46S3,6370847.716
C36H48S3,5198905.299
C37H50S3,4622920.353
C38H52S3,5335550.697
C39H54S3,5876988.538
C40H56S3,6884944.465
C41H58S3,4080709.953
C44H64S3,4900816.461
C45H66S3,4899127.468
C46H68S3,4365503.551
C47H70S3,4751180.51
C48H72S3,4235285.894
C52H80S3,4127963.563
,
Formula,Mono Inty
C24H22S3,3736762.348
C25H24S3,4200110.29
C26H26S3,4426235.06
C28H30S3,2991013.386
C30H34S3,4774541.198
C31H36S3,4740317.564
C32H38S3,6012680.773
C33H40S3,4148698.81
C34H42S3,4865651.359
C35H44S3,5563262.752
C36H46S3,5816985.531
C37H48S3,5362590.112
C38H50S3,5555634.685
C39H52S3,5053552.255
C40H54S3,6502299.002
C41H56S3,4508716.822
C42H58S3,5253174.389
C44H62S3,5214271.378
C45H64S3,5803093.413
C48H70S3,5658705.053
C49H72S3,4497294.166
C50H74S3,5790979.382
C51H76S3,5900332.965
C53H80S3,5394725.998
C54H82S3,5113235.358
C55H84S3,4120405.035
,
Formula,Mono Inty
C28H28S3,2808437.893
C31H34S3,3941741.725
C32H36S3,2873001.327
C33H38S3,4781975.112
C34H40S3,3634608.817
C35H42S3,3584572.62
C36H44S3,4133904.08
C37H46S3,3874937.278
C38H48S3,3088208.895
C39H50S3,4026587.165
C40H52S3,5143189.327
C41H54S3,6310070.741
C42H56S3,3975646.252
C44H60S3,4805379.24
C46H64S3,6077361.946
C49H70S3,4482694.459
C52H76S3,3617225.288
,
Formula,Mono Inty
C25H20S3,3242569.323
C27H24S3,4114806.716
C28H26S3,4246200.682
C30H30S3,3832244.352
C32H34S3,3652461.881
C33H36S3,3436746.843
C35H40S3,4353888.508
C36H42S3,5102252.75
C37H44S3,4028304.586
C38H46S3,4009119.857
C39H48S3,3589638.952
C41H52S3,3374244.722
C42H54S3,4196844.375
C44H58S3,5573995.595
C45H60S3,3344584.583
C47H64S3,4289537.453
C48H66S3,3994776.749
C50H70S3,3844290.072
C51H72S3,3923903.621
C53H76S3,5352477.828
C54H78S3,4144295.527
,
Formula,Mono Inty
C27H22S3,3006215.914
C28H24S3,3411268.137
C30H28S3,2840885.344
C32H32S3,3336311.37
C33H34S3,4001987.14
C35H38S3,3447414.515
C36H40S3,3174849.553
C37H42S3,3967499.161
C40H48S3,3672839.104
C41H50S3,3772926.962
C42H52S3,4458109.401
C44H56S3,3253963.038
C45H58S3,5588049.557
C46H60S3,3530070.141
C47H62S3,4009549.424
C48H64S3,3818322.495
C50H68S3,5324417.615
C52H72S3,5089392.159
,
Formula,Mono Inty
C36H38S3,3761199.324
C39H44S3,3161391.815
C40H46S3,4073333.255
C42H50S3,4363804.422
C46H58S3,3879771.162
C47H60S3,3509542.431
C49H64S3,3511855.764
C56H78S3,3918612.158
,
Formula,Mono Inty
C41H46S3,3323019.899
C54H72S3,3766975.748
,
Formula,Mono Inty
C49H60S3,3764417.139